hover_id,id,url
dyngen_hover,dyngen,https://github.com/dynverse/dyngen
dynnormaliser_hover,dynnormaliser,https://github.com/dynverse/dynnormaliser
dynreal_hover,dynreal,https://zenodo.org/record/1211533
dynmethods_hover,dynmethods,https://github.com/dynverse/dynmethods
dynwrap_hover,dynwrap,https://github.com/dynverse/dynwrap
dynparam_hover,dynparam,https://github.com/dynverse/dynparam
dyneval_hover,dyneval,https://github.com/dynverse/dyneval
dynalysis_hover,dynalysis,https://github.com/dynverse/dynalysis
dynguidelines_hover,dynguidelines,https://github.com/dynverse/dynguidelines
dynqc_hover,dynqc,https://github.com/dynverse/dynqc
